<?xml version="1.0" encoding="UTF-8"?>
<con:soapui-project activeEnvironment="Default" name="REST Project CadastroEndereco" resourceRoot="${projectDir}" soapui-version="5.0.0" abortOnError="false" runType="SEQUENTIAL" xmlns:con="http://eviware.com/soapui/config"><con:settings/><con:interface xsi:type="con:RestService" wadlVersion="http://wadl.dev.java.net/2009/02" name="http://localhost:7001" type="rest" xmlns:xsi="http://www.w3.org/2001/XMLSchema-instance"><con:settings/><con:definitionCache type="TEXT" rootPart=""/><con:endpoints><con:endpoint>http://localhost:7001</con:endpoint></con:endpoints><con:resource name="READ - GET" path="/cadastro-endereco/rest/cep/1"><con:settings/><con:parameters/><con:method name="Cep" method="GET"><con:settings/><con:parameters/><con:representation type="RESPONSE"><con:mediaType>application/json</con:mediaType><con:status>200</con:status><con:params/></con:representation><con:representation type="FAULT"><con:mediaType xsi:nil="true"/><con:status>404</con:status><con:params/><con:element>data</con:element></con:representation><con:representation type="FAULT"><con:mediaType xsi:nil="true"/><con:status>404</con:status><con:params/><con:element>data</con:element></con:representation><con:representation type="FAULT"><con:mediaType xsi:nil="true"/><con:status>404</con:status><con:params/><con:element>data</con:element></con:representation><con:representation type="FAULT"><con:mediaType xsi:nil="true"/><con:status>404</con:status><con:params/><con:element>data</con:element></con:representation><con:representation type="FAULT"><con:mediaType xsi:nil="true"/><con:status>404</con:status><con:params/><con:element>data</con:element></con:representation><con:representation type="FAULT"><con:mediaType xsi:nil="true"/><con:status>404</con:status><con:params/><con:element>data</con:element></con:representation><con:representation type="FAULT"><con:mediaType xsi:nil="true"/><con:status>404</con:status><con:params/><con:element>data</con:element></con:representation><con:representation type="FAULT"><con:mediaType xsi:nil="true"/><con:status>404</con:status><con:params/><con:element>data</con:element></con:representation><con:request name="Request 1" mediaType="application/json"><con:settings><con:setting id="com.eviware.soapui.impl.wsdl.WsdlRequest@request-headers">&lt;xml-fragment/></con:setting></con:settings><con:endpoint>http://localhost:7001</con:endpoint><con:request/><con:originalUri>http://localhost/cadastro-endereco/rest/cep</con:originalUri><con:credentials><con:authType>No Authorization</con:authType></con:credentials><con:jmsConfig JMSDeliveryMode="PERSISTENT"/><con:jmsPropertyConfig/><con:parameters/><con:parameterOrder/></con:request></con:method></con:resource><con:resource name="CREATE - POST" path="/cadastro-endereco/rest/cep"><con:settings/><con:parameters/><con:method name="Method 1" method="POST"><con:settings/><con:parameters/><con:representation type="REQUEST"><con:mediaType>application/json</con:mediaType><con:params/></con:representation><con:representation type="FAULT"><con:mediaType>text/html; charset=UTF-8</con:mediaType><con:status>404 500</con:status><con:params/><con:element>html</con:element></con:representation><con:representation type="RESPONSE"><con:mediaType>application/json</con:mediaType><con:status>200</con:status><con:params/><con:element xmlns:cep="http://localhost/cadastro-endereco/cep">cep:Response</con:element></con:representation><con:request name="Request 1" mediaType="application/json" postQueryString="false"><con:settings><con:setting id="com.eviware.soapui.impl.wsdl.WsdlRequest@request-headers">&lt;xml-fragment/></con:setting></con:settings><con:endpoint>http://localhost:7001</con:endpoint><con:request>{
	"id":"",
	"cep":"04112111",
	"logradouro":"Av. Lins de Vasconcelos",
	"numero":"1000",
	"bairro":"Vila Mariana",
	"complemento":"apto 200",
	"cidade":"Sao Paulo",
	"estado":"SP"
}</con:request><con:originalUri>http://localhost/cadastro-endereco/cep</con:originalUri><con:credentials><con:authType>No Authorization</con:authType></con:credentials><con:jmsConfig JMSDeliveryMode="PERSISTENT"/><con:jmsPropertyConfig/><con:parameters/></con:request></con:method></con:resource><con:resource name="UPDATE - PUT" path="/cadastro-endereco/rest/cep"><con:settings/><con:parameters/><con:method name="Method 1" method="PUT"><con:settings/><con:parameters/><con:representation type="REQUEST"><con:mediaType>application/json</con:mediaType><con:params/></con:representation><con:representation type="RESPONSE"><con:mediaType>application/json</con:mediaType><con:status>200</con:status><con:params/><con:element xmlns:cep="http://localhost/cadastro-endereco/rest/cep">cep:Response</con:element></con:representation><con:request name="Request 1" mediaType="application/json" postQueryString="false"><con:settings><con:setting id="com.eviware.soapui.impl.wsdl.WsdlRequest@request-headers">&lt;xml-fragment/></con:setting></con:settings><con:endpoint>http://localhost:7001</con:endpoint><con:request>{"id":21,"logradouro":"Av. Lins de Vasconcelos","cidade":"Sao Paulo","estado":"SP","cep":4112111,"numero"
:"1000","bairro":"Vila Mariana","complemento":"apto 3000"}</con:request><con:originalUri>http://localhost/cadastro-endereco/rest/cep</con:originalUri><con:credentials><con:authType>No Authorization</con:authType></con:credentials><con:jmsConfig JMSDeliveryMode="PERSISTENT"/><con:jmsPropertyConfig/><con:parameters/></con:request></con:method></con:resource><con:resource name="DELETE - DELETE" path="/cadastro-endereco/rest/cep/23"><con:settings/><con:parameters/><con:method name="Method 1" method="DELETE"><con:settings/><con:parameters/><con:representation type="FAULT"><con:mediaType xsi:nil="true"/><con:status>415</con:status><con:params/><con:element>data</con:element></con:representation><con:representation type="FAULT"><con:mediaType xsi:nil="true"/><con:status>405</con:status><con:params/><con:element>data</con:element></con:representation><con:representation type="FAULT"><con:mediaType xsi:nil="true"/><con:status>405</con:status><con:params/><con:element>data</con:element></con:representation><con:representation type="RESPONSE"><con:mediaType>application/json</con:mediaType><con:status>200</con:status><con:params/></con:representation><con:request name="Request 1" mediaType="application/json" postQueryString="false"><con:settings><con:setting id="com.eviware.soapui.impl.wsdl.WsdlRequest@request-headers">&lt;xml-fragment/></con:setting></con:settings><con:endpoint>http://localhost:7001</con:endpoint><con:request/><con:originalUri>http://localhost/cadastro-endereco/rest/cep</con:originalUri><con:credentials><con:authType>No Authorization</con:authType></con:credentials><con:jmsConfig JMSDeliveryMode="PERSISTENT"/><con:jmsPropertyConfig/><con:parameters/><con:parameterOrder/></con:request></con:method></con:resource></con:interface><con:testSuite name="CadastroEndereco TestSuite"><con:description>TestSuite generated for REST Service [http://localhost:7001]</con:description><con:settings/><con:runType>SEQUENTIAL</con:runType><con:testCase failOnError="true" failTestCaseOnErrors="true" keepSession="false" maxResults="0" name="READ - GET TestCase" searchProperties="true"><con:description>TestCase generated for REST Resource [READ - GET] located at [/cadastro-endereco/rest/cep/21]</con:description><con:settings/><con:testStep type="restrequest" name="Request 1"><con:settings/><con:config service="http://localhost:7001" resourcePath="/cadastro-endereco/rest/cep/1" methodName="Cep" xsi:type="con:RestRequestStep" xmlns:xsi="http://www.w3.org/2001/XMLSchema-instance"><con:restRequest name="Request 1" mediaType="application/json"><con:settings><con:setting id="com.eviware.soapui.impl.wsdl.WsdlRequest@request-headers">&lt;xml-fragment/></con:setting></con:settings><con:endpoint>http://localhost:7001</con:endpoint><con:request/><con:originalUri>http://localhost/cadastro-endereco/rest/cep</con:originalUri><con:assertion type="Simple Contains" name="Contains"><con:configuration><token>{"id":1,"logradouro":"Av. Lins de Vasconcelos","cidade":"Sao Paulo","estado":"SP","cep":4112111,"numero":"1000","bairro":"Vila Mariana","complemento":"1000"}</token><ignoreCase>false</ignoreCase><useRegEx>false</useRegEx></con:configuration></con:assertion><con:credentials><con:authType>No Authorization</con:authType></con:credentials><con:jmsConfig JMSDeliveryMode="PERSISTENT"/><con:jmsPropertyConfig/><con:parameters/><con:parameterOrder/></con:restRequest></con:config></con:testStep><con:properties/></con:testCase><con:testCase failOnError="true" failTestCaseOnErrors="true" keepSession="false" maxResults="0" name="CREATE - POST TestCase" searchProperties="true"><con:description>TestCase generated for REST Resource [CREATE - POST] located at [/cadastro-endereco/rest/cep]</con:description><con:settings/><con:testStep type="restrequest" name="Request 1"><con:settings/><con:config service="http://localhost:7001" resourcePath="/cadastro-endereco/rest/cep" methodName="Method 1" xsi:type="con:RestRequestStep" xmlns:xsi="http://www.w3.org/2001/XMLSchema-instance"><con:restRequest name="Request 1" mediaType="application/json" postQueryString="false"><con:settings><con:setting id="com.eviware.soapui.impl.wsdl.WsdlRequest@request-headers">&lt;xml-fragment/></con:setting></con:settings><con:endpoint>http://localhost:7001</con:endpoint><con:request>{
	"id":"",
	"cep":"04112111",
	"logradouro":"Av. Lins de Vasconcelos",
	"numero":"1000",
	"bairro":"Vila Mariana",
	"complemento":"apto 200",
	"cidade":"Sao Paulo",
	"estado":"SP"
}</con:request><con:originalUri>http://localhost/cadastro-endereco/cep</con:originalUri><con:assertion type="Simple Contains" name="Contains"><con:configuration><token>"logradouro":"Av. Lins de Vasconcelos","cidade":"Sao Paulo","estado":"SP","cep":4112111,"numero":"1000","bairro":"Vila Mariana","complemento":"apto 200"}</token><ignoreCase>false</ignoreCase><useRegEx>false</useRegEx></con:configuration></con:assertion><con:credentials><con:authType>No Authorization</con:authType></con:credentials><con:jmsConfig JMSDeliveryMode="PERSISTENT"/><con:jmsPropertyConfig/><con:parameters/></con:restRequest></con:config></con:testStep><con:properties/></con:testCase><con:testCase failOnError="true" failTestCaseOnErrors="true" keepSession="false" maxResults="0" name="UPDATE - PUT TestCase" searchProperties="true"><con:description>TestCase generated for REST Resource [UPDATE - PUT] located at [/cadastro-endereco/rest/cep]</con:description><con:settings/><con:testStep type="restrequest" name="Request 1"><con:settings/><con:config service="http://localhost:7001" resourcePath="/cadastro-endereco/rest/cep" methodName="Method 1" xsi:type="con:RestRequestStep" xmlns:xsi="http://www.w3.org/2001/XMLSchema-instance"><con:restRequest name="Request 1" mediaType="application/json" postQueryString="false"><con:settings><con:setting id="com.eviware.soapui.impl.wsdl.WsdlRequest@request-headers">&lt;xml-fragment/></con:setting></con:settings><con:endpoint>http://localhost:7001</con:endpoint><con:request>{"id":"36","logradouro":"Av. Lins de Vasconcelos","cidade":"Sao Paulo","estado":"SP","cep":4112111,"numero"
:"1000","bairro":"Vila Mariana","complemento":"apto 3000"}</con:request><con:originalUri>http://localhost/cadastro-endereco/rest/cep</con:originalUri><con:assertion type="Simple Contains" name="Contains"><con:configuration><token>"logradouro":"Av. Lins de Vasconcelos","cidade":"Sao Paulo","estado":"SP","cep":4112111,"numero":"1000","bairro":"Vila Mariana","complemento":"apto 3000"}</token><ignoreCase>false</ignoreCase><useRegEx>false</useRegEx></con:configuration></con:assertion><con:credentials><con:authType>No Authorization</con:authType></con:credentials><con:jmsConfig JMSDeliveryMode="PERSISTENT"/><con:jmsPropertyConfig/><con:parameters/></con:restRequest></con:config></con:testStep><con:properties/></con:testCase><con:testCase failOnError="true" failTestCaseOnErrors="true" keepSession="false" maxResults="0" name="DELETE - DELETE TestCase" searchProperties="true"><con:description>TestCase generated for REST Resource [DELETE - DELETE] located at [/cadastro-endereco/rest/cep/8]</con:description><con:settings/><con:testStep type="restrequest" name="Request 1"><con:settings/><con:config service="http://localhost:7001" resourcePath="/cadastro-endereco/rest/cep/23" methodName="Method 1" xsi:type="con:RestRequestStep" xmlns:xsi="http://www.w3.org/2001/XMLSchema-instance"><con:restRequest name="Request 1" mediaType="application/json" postQueryString="false"><con:settings><con:setting id="com.eviware.soapui.impl.wsdl.WsdlRequest@request-headers">&lt;xml-fragment/></con:setting></con:settings><con:endpoint>http://localhost:7001</con:endpoint><con:request/><con:originalUri>http://localhost/cadastro-endereco/rest/cep</con:originalUri><con:assertion type="Simple Contains" name="Contains"><con:configuration><token>com sucesso</token><ignoreCase>false</ignoreCase><useRegEx>false</useRegEx></con:configuration></con:assertion><con:credentials><con:authType>No Authorization</con:authType></con:credentials><con:jmsConfig JMSDeliveryMode="PERSISTENT"/><con:jmsPropertyConfig/><con:parameters/><con:parameterOrder/></con:restRequest></con:config></con:testStep><con:properties/></con:testCase><con:properties/></con:testSuite><con:properties/><con:wssContainer/><con:oAuth2ProfileContainer/></con:soapui-project>